example_id,query_id,product_id,query,query_source
107085,4325,B00KWNC4O0,4G basic phones with keyboards ,enhanced
107094,4326,B07GBRB55Z,4G flip phones under $100 rated above 4 stars with 150+ reviews.,enhanced
118424,4864,B077ZRWXPH,Show me 6-inch screen phones between $100 and $200 and rated 4.2+ stars from 250+ reviews.,enhanced
176891,7796,B07YZP6Y7Z,I need an unlocked Alcatel phones for less than $40.,enhanced
176895,7796,B07PHTYGY7,I need an unlocked Alcatel phones for less than $40.,enhanced
176896,7796,B07JZSKYXP,I need an unlocked Alcatel phones for less than $40.,enhanced
176897,7796,B088MKVYTF,I need an unlocked Alcatel phones for less than $40.,enhanced
176899,7796,B078TK99X5,I need an unlocked Alcatel phones for less than $40.,enhanced
200456,9056,B07R7DY911,Android One phones between with rating higher than 4.4 stars and at least 500 reviews.,enhanced
200461,9056,B07N92347B,Android One phones between with rating higher than 4.4 stars and at least 500 reviews.,enhanced
200462,9056,B07N91S9MW,Android One phones between with rating higher than 4.4 stars and at least 500 reviews.,enhanced
211572,9623,B07Z4681LQ,Apple 11 Pro Max,original_esci
212283,9661,B07P6Y7954,Apple cell phones with at least 4.4 star ratings.,enhanced
212285,9661,B07757LZ1J,Apple cell phones with at least 4.4 star ratings.,enhanced
212326,9664,B07KKKH5CK,Find me Apple certified refurbished iPhones between $300 and $500.,enhanced
212330,9664,B077578W38,Find me Apple certified refurbished iPhones between $300 and $500.,enhanced
213510,9721,B07ZQRL9XY,"Apple iPhone 11 Pro with 12,000 reviews or higher.",enhanced
213562,9724,B07ZQRL9XY,I need an Unlocked iPhone 11 Pro,enhanced
213758,9736,B07TC98DN3,Show me iPhone XR 128GB models that are priced over $300.,enhanced
213812,9739,B07KKKH5CK,Apple iPhone XS Max 64GB fully unlocked like new under $400.,enhanced
214479,9774,B07YWB338N,I want a new unlocked Apple phones priced between $280 and $350.,enhanced
214481,9774,B07K8RNW7H,I want a new unlocked Apple phones priced between $280 and $350.,enhanced
214489,9774,B07756XHL4,I want a new unlocked Apple phones priced between $280 and $350.,enhanced
237351,10922,B082WNRSPY,Search for cell phones with 4.3+ stars that are compatible with at&t.,enhanced
237359,10922,B07MY7XPNZ,Search for cell phones with 4.3+ stars that are compatible with at&t.,enhanced
237362,10922,B07KCKNZ59,Search for cell phones with 4.3+ stars that are compatible with at&t.,enhanced
237390,10924,B07RB2K1MF,AT&T prepaid phones under $200 with 4+ stars.,enhanced
237391,10924,B07MY7XPNZ,AT&T prepaid phones under $200 with 4+ stars.,enhanced
237393,10924,B07MBWWM25,AT&T prepaid phones under $200 with 4+ stars.,enhanced
237396,10924,B071KGVXVS,AT&T prepaid phones under $200 with 4+ stars.,enhanced
237397,10924,B07RQFB4TP,AT&T prepaid phones under $200 with 4+ stars.,enhanced
354041,16947,B00NET0PVI,Latest BlackBerry phones. Should have at least 1000 reviews and 4 star rating,enhanced
354044,16947,B00BC0WNUC,Latest BlackBerry phones. Should have at least 1000 reviews and 4 star rating,enhanced
360713,17283,B072N6BD9V,Blu Advance A4,original_esci
360904,17291,B0843HCT63,BLU Vivo 64GB 3GB RAM phone priced below $60,enhanced
384417,18484,B083G88YCG,Boost Mobile unlocked phones rated 4.4 or higher,enhanced
384420,18484,B07YZS2X7J,Boost Mobile unlocked phones rated 4.4 or higher,enhanced
384421,18484,B07WF9K475,Boost Mobile unlocked phones rated 4.4 or higher,enhanced
384426,18484,B07H8PXT7K,Boost Mobile unlocked phones rated 4.4 or higher,enhanced
404147,19476,B07Z4681LQ,brand new iphone 11 pro max,original_esci
496767,24309,B07X4XKNYY,Show me unlocked Samsung Note 9 phones (4.5+ star rating),enhanced
719919,35823,B076M9RQJ2,Dual SIM Galaxy S8 unlocked phones (2000+ reviews),enhanced
826875,41296,B00O15MXQY,4G flip phones for T-Mobile. Look for those phones that have 3.6 plus rating,enhanced
826876,41296,B019Y66Q7G,4G flip phones for T-Mobile. Look for those phones that have 3.6 plus rating,enhanced
826877,41296,B07PHTYGY7,4G flip phones for T-Mobile. Look for those phones that have 3.6 plus rating,enhanced
826880,41296,B07GBRB55Z,4G flip phones for T-Mobile. Look for those phones that have 3.6 plus rating,enhanced
861900,43144,B07RS512XL,Fully unlocked international smartphones between $200 and $500 4+ stars 300+ reviews.,enhanced
861902,43144,B07JZRL7N5,Fully unlocked international smartphones between $200 and $500 4+ stars 300+ reviews.,enhanced
861903,43144,B07HFK5PQQ,Fully unlocked international smartphones between $200 and $500 4+ stars 300+ reviews.,enhanced
861912,43144,B079H6RLKQ,Fully unlocked international smartphones between $200 and $500 4+ stars 300+ reviews.,enhanced
877324,43948,B07Z3XZDT5,Galaxy Note 10 unlocked phones with many reviews.,enhanced
877414,43953,B07V3GXJM8,Show me top rated Samsung Note 10 Plus phones,enhanced
877673,43968,B08HL64JS8,I want a Samsung Galaxy Note 20 that is rated minimum of 4.3 stars by 1000 plus buyers.,enhanced
877992,43986,B084HP3P7W,Galaxy S10 Dual SIM. Maximum price $390.,enhanced
877999,43986,B07NZVRK97,Galaxy S10 Dual SIM. Maximum price $390.,enhanced
878005,43986,B07N4M412B,Galaxy S10 Dual SIM. Maximum price $390.,enhanced
878120,43993,B07WW23RNV,I'm looking for renewed Galaxy S10 phones priced under $350 with at least 300 reviews.,enhanced
878121,43993,B07VX9579Y,I'm looking for renewed Galaxy S10 phones priced under $350 with at least 300 reviews.,enhanced
878129,43993,B07N4M412B,I'm looking for renewed Galaxy S10 phones priced under $350 with at least 300 reviews.,enhanced
878277,44002,B07N4M412B,Show me Galaxy S10e phones on sale for under $300 with at least 200 reviews and a 4.5+ star rating.,enhanced
878430,44012,B07K4V3364,Look for Galaxy S6 unlocked under $200 rated above 3.7 stars.,enhanced
878435,44012,B01IRSR9XM,Look for Galaxy S6 unlocked under $200 rated above 3.7 stars.,enhanced
878438,44012,B00VH2TWBS,Look for Galaxy S6 unlocked under $200 rated above 3.7 stars.,enhanced
930087,46730,B079YY2GHY,Show me Google Pixel 2 phones with at least 600 reviews.,enhanced
930089,46730,B0799VL3SY,Show me Google Pixel 2 phones with at least 600 reviews.,enhanced
930091,46730,B0787V183F,Show me Google Pixel 2 phones with at least 600 reviews.,enhanced
930096,46730,B079C1K282,Show me Google Pixel 2 phones with at least 600 reviews.,enhanced
930098,46731,B07N16M67R,I want an unlocked Google Pixel 2 for under $150.,enhanced
930103,46731,B07F1B967S,I want an unlocked Google Pixel 2 for under $150.,enhanced
930107,46731,B079C1K282,I want an unlocked Google Pixel 2 for under $150.,enhanced
930112,46731,B07DTHG9DF,I want an unlocked Google Pixel 2 for under $150.,enhanced
930213,46737,B07KX8DXW8,I want Google Pixel 3 unlocked. Rating should be above 4 stars and number of reviews should be greater than 400.,enhanced
930216,46737,B07P8MQHSH,I want Google Pixel 3 unlocked. Rating should be above 4 stars and number of reviews should be greater than 400.,enhanced
949257,47737,B07PHTYGY7,GSM unlocked flip phones with strong customer feedback.,enhanced
949265,47737,B07MJHLH72,GSM unlocked flip phones with strong customer feedback.,enhanced
949268,47737,B07BHHHT7Z,GSM unlocked flip phones with strong customer feedback.,enhanced
1014883,51190,B07MJR32X5,Honor 10 Lite unlocked,enhanced
1014884,51190,B07MCMH297,Honor 10 Lite unlocked,enhanced
1014886,51190,B07L52WTHT,Honor 10 Lite unlocked,enhanced
1027353,51839,B01BCWV9ZE,Unlocked Huawei cell phones with decent number of reviews,enhanced
1027354,51839,B00WPW3CQ0,Unlocked Huawei cell phones with decent number of reviews,enhanced
1027355,51839,B00W3WTLCG,Unlocked Huawei cell phones with decent number of reviews,enhanced
1027356,51839,B00W1KSGFI,Unlocked Huawei cell phones with decent number of reviews,enhanced
1027733,51860,B079HG7TZS,Huawei P Smart unlocked with maximum price of $200.,enhanced
1033738,52182,B015YCRZ1K,Search for Huawei Nexus phone with a lot of reviews,enhanced
1033757,52183,B07Q8V5H4N,Huawei P30 Pro unlocked. Maximum price: $300.,enhanced
1033762,52183,B07PX3ZRJ6,Huawei P30 Pro unlocked. Maximum price: $300.,enhanced
1033763,52183,B07PPP65M2,Huawei P30 Pro unlocked. Maximum price: $300.,enhanced
1038938,52448,B07D6VGNF3,iPhone X unlocked,enhanced
1038943,52448,B077578W38,iPhone X unlocked,enhanced
1079067,54558,B081TMCS8H,Refurbished iPhone X costing less than $500.,enhanced
1079080,54558,B077578W38,Refurbished iPhone X costing less than $500.,enhanced
1219230,61807,B083G88YCG,LG Verizon-compatible phones under $100 with 4+ stars.,enhanced
1219234,61807,B07MQGBZW6,LG Verizon-compatible phones under $100 with 4+ stars.,enhanced
1219240,61807,B072BGNWTV,LG Verizon-compatible phones under $100 with 4+ stars.,enhanced
1219673,61832,B0854JL1ZV,LG K20 Plus,original_esci
1219764,61837,B06W9DQXKM,LG K8 unlocked phones under $70 with 4+ stars.,enhanced
1220151,61860,B07HLXGT2S,I need an unlocked LG phone for international use. Only show me results that have at least 4.3 star rating and over 500 reviews.,enhanced
1220159,61860,B07DQ8JGJ4,I need an unlocked LG phone for international use. Only show me results that have at least 4.3 star rating and over 500 reviews.,enhanced
1394458,70853,B07FMZ9CMZ,Find me a Moto E5 Plus T-Mobile unlocked with good number of reviews,enhanced
1394577,70859,B084D89DBF,Moto G Power unlocked,enhanced
19455,685,B0794SCYM8,"I'm searching for a Bluetooth earphone with a mic that won't fall out, priced under $20.",enhanced
85602,3355,B088H3MYGV,I want a 3-in-1 wireless charging station for Apple devices under $40 with many reviews.,enhanced
85603,3355,B08CL2H57K,I want a 3-in-1 wireless charging station for Apple devices under $40 with many reviews.,enhanced
85607,3355,B082X6N8PD,I want a 3-in-1 wireless charging station for Apple devices under $40 with many reviews.,enhanced
85609,3355,B085CD6YJQ,I want a 3-in-1 wireless charging station for Apple devices under $40 with many reviews.,enhanced
88842,3505,B074PVRMZ4,Find me 3.5mm charging cable ,enhanced
103771,4174,B07T232WHW,I want a highly rated 40mm Apple Watch band.,enhanced
103773,4174,B07NY25HG2,I want a highly rated 40mm Apple Watch band.,enhanced
103776,4174,B07FQHLM8M,I want a highly rated 40mm Apple Watch band.,enhanced
103777,4174,B0796PPJF7,I want a highly rated 40mm Apple Watch band.,enhanced
103778,4174,B07T95GP3D,I want a highly rated 40mm Apple Watch band.,enhanced
180721,8002,B077XQBRPN,Show me Alice in Wonderland iPhone 7 Plus cases with decent review count.,enhanced
180722,8002,B077MB6357,Show me Alice in Wonderland iPhone 7 Plus cases with decent review count.,enhanced
204116,9249,B01N2HIR9R,Anker 4-port USB charger averagely priced,enhanced
204131,9249,B00VH8G1SY,Anker 4-port USB charger averagely priced,enhanced
204383,9265,B07QXV6N1B,Show me premium Anker portable chargers.,enhanced
204386,9265,B01JIWQPMW,Show me premium Anker portable chargers.,enhanced
204390,9265,B00Z9QVE4Q,Show me premium Anker portable chargers.,enhanced
204391,9265,B00X5RV14Y,Show me premium Anker portable chargers.,enhanced
211613,9625,B07T8TRBNQ,Cheap Apple 18W charger,enhanced
212499,9674,B08BRP5ZLM,Show me decently rated Apple charging stations under $40.,enhanced
212500,9674,B08D34L2F8,Show me decently rated Apple charging stations under $40.,enhanced
212503,9674,B08998DGF5,Show me decently rated Apple charging stations under $40.,enhanced
212504,9674,B082X6N8PD,Show me decently rated Apple charging stations under $40.,enhanced
212512,9674,B07SF5Z66K,Show me decently rated Apple charging stations under $40.,enhanced
212515,9674,B07YTHD64R,Show me decently rated Apple charging stations under $40.,enhanced
214343,9765,B07F1FVHHW,I'm searching for a Apple Pencil cap with a lot of reviews and over 4.7 star rating.,enhanced
214344,9765,B07CL8QSL1,I'm searching for a Apple Pencil cap with a lot of reviews and over 4.7 star rating.,enhanced
214888,9793,B07XL9H9G2,Show me cheap Apple silicone cases for the iPhone 11 Pro Max with excellent ratings.,enhanced
214890,9793,B07WS8L729,Show me cheap Apple silicone cases for the iPhone 11 Pro Max with excellent ratings.,enhanced
214894,9793,B07T9NS3TG,Show me cheap Apple silicone cases for the iPhone 11 Pro Max with excellent ratings.,enhanced
214980,9799,B07XFBN7HX,I want to find Apple travel chargers with great customer ratings from at least 10000 reviewers.,enhanced
214987,9799,B0194WDVHI,I want to find Apple travel chargers with great customer ratings from at least 10000 reviewers.,enhanced
214989,9799,B00Z9QVE4Q,I want to find Apple travel chargers with great customer ratings from at least 10000 reviewers.,enhanced
214990,9799,B00X5RV14Y,I want to find Apple travel chargers with great customer ratings from at least 10000 reviewers.,enhanced
214991,9799,B07DBXZZN3,I want to find Apple travel chargers with great customer ratings from at least 10000 reviewers.,enhanced
215458,9816,B0888QXL78,"I'm looking for an average price, top rated Apple Watch Series 3 screen protectors.",enhanced
215530,9820,B07T95GP3D,I'm searching for a slim waterproof 40 mm Apple Watch Series 4 band with a regular buckle under $25 with strong ratings.,enhanced
215532,9820,B0777H9JZJ,I'm searching for a slim waterproof 40 mm Apple Watch Series 4 band with a regular buckle under $25 with strong ratings.,enhanced
215533,9820,B07FXKDC1J,I'm searching for a slim waterproof 40 mm Apple Watch Series 4 band with a regular buckle under $25 with strong ratings.,enhanced
215536,9820,B07T35S2DT,I'm searching for a slim waterproof 40 mm Apple Watch Series 4 band with a regular buckle under $25 with strong ratings.,enhanced
215794,9836,B0815Y9Z2T,Best Apple Watch bands between $15 and $30 with large number of reviews.,enhanced
215795,9836,B0815WV2Q1,Best Apple Watch bands between $15 and $30 with large number of reviews.,enhanced
215820,9836,B07FV8WBRQ,Best Apple Watch bands between $15 and $30 with large number of reviews.,enhanced
215821,9836,B07GB5Z7JN,Best Apple Watch bands between $15 and $30 with large number of reviews.,enhanced
215838,9836,B07T95GP3D,Best Apple Watch bands between $15 and $30 with large number of reviews.,enhanced
215841,9836,B07TC5T515,Best Apple Watch bands between $15 and $30 with large number of reviews.,enhanced
215844,9837,B082F5GFDG,Show me 38mm Apple Watch bands under $10 that is highly rated.,enhanced
215856,9837,B083WJCVPR,Show me 38mm Apple Watch bands under $10 that is highly rated.,enhanced
215870,9837,B07T235KZS,Show me 38mm Apple Watch bands under $10 that is highly rated.,enhanced
215893,9837,B07T35S2DT,Show me 38mm Apple Watch bands under $10 that is highly rated.,enhanced
216001,9843,B07YTSBL8W,Show me unique 42mm Apple Watch bands with a lot of reviews,enhanced
216011,9843,B01M98QHU7,Show me unique 42mm Apple Watch bands with a lot of reviews,enhanced
216012,9843,B01AIH23XQ,Show me unique 42mm Apple Watch bands with a lot of reviews,enhanced
216020,9844,B07YC6Z1KD,I'm looking for Apple Watch 44mm bands that cost less than $25 and are highly rated.,enhanced
216026,9844,B07HSSDV4S,I'm looking for Apple Watch 44mm bands that cost less than $25 and are highly rated.,enhanced
216027,9844,B07DNSFB4X,I'm looking for Apple Watch 44mm bands that cost less than $25 and are highly rated.,enhanced
216076,9847,B01AIH22FA,Show me double-strap leather Apple Watch bands under $35 with large amount of good ratings.,enhanced
217362,9911,B07YFS7RGQ,Show me a cheap Apple Watch Series 5 bands with good reviews.,enhanced
217363,9911,B07VQDKWRT,Show me a cheap Apple Watch Series 5 bands with good reviews.,enhanced
217366,9911,B07T95GP3D,Show me a cheap Apple Watch Series 5 bands with good reviews.,enhanced
217369,9911,B07P1G4DJ7,Show me a cheap Apple Watch Series 5 bands with good reviews.,enhanced
217371,9911,B07HSSDV4S,Show me a cheap Apple Watch Series 5 bands with good reviews.,enhanced
217372,9911,B07HC9RM8N,Show me a cheap Apple Watch Series 5 bands with good reviews.,enhanced
217458,9917,B07ZH4LDSS,Search for highly rated Apple Watch Series 5 40mm bands ,enhanced
217466,9917,B07YFS7RGQ,Search for highly rated Apple Watch Series 5 40mm bands ,enhanced
217719,9933,B07V3TKBQF,apple xs max iphone case,original_esci
236965,10902,B07B3QBMNY,Show me protective cases for the Asus Zenfone Live with decent number of reviews.,enhanced
237946,10947,B081CL8JCB,I'm looking for an athletic phone holder between $10 and $14.,enhanced
238442,10972,B07VFLPPDG,Top rated Atlana phone case,enhanced
238444,10972,B07MFQLWVT,Top rated Atlana phone case,enhanced
238448,10972,B07X5V6Y6J,Top rated Atlana phone case,enhanced
278196,13044,B0814P9Y7R,Show me BAPE iPhone 11 case under $30 with good reviews,enhanced
278197,13044,B07ZNX1PBL,Show me BAPE iPhone 11 case under $30 with good reviews,enhanced
278198,13044,B07YQ7K9NV,Show me BAPE iPhone 11 case under $30 with good reviews,enhanced
329533,15644,B0881SX8Q7,I need a cheap and big iPhone SE case.,enhanced
329538,15644,B085ZMH583,I need a cheap and big iPhone SE case.,enhanced
329540,15644,B084KL1FST,I need a cheap and big iPhone SE case.,enhanced
329542,15644,B07V59RL8L,I need a cheap and big iPhone SE case.,enhanced
329544,15644,B01M1SCIOV,I need a cheap and big iPhone SE case.,enhanced
329545,15644,B01KF0FJX2,I need a cheap and big iPhone SE case.,enhanced
329546,15644,B01K6PAZ1M,I need a cheap and big iPhone SE case.,enhanced
360727,17284,B01MS60QBK,Show me decently rated Blu Phone R1 HD cases.,enhanced
360728,17284,B01M0VRE1E,Show me decently rated Blu Phone R1 HD cases.,enhanced
360730,17284,B01LBP3AKE,Show me decently rated Blu Phone R1 HD cases.,enhanced
462503,22535,B07LB3MVFH,Show me canvas iPhone XR cases under $25 with good ratings.,enhanced
465483,22691,B07L3Q7Y4F,Show me magnetic car phone holders with strong customer ratings.,enhanced
465490,22691,B07Q3BN8WN,Show me magnetic car phone holders with strong customer ratings.,enhanced
467106,22786,B083Z7FW7R,Best car phone mounts under $15.,enhanced
467119,22786,B07R1QZ8V1,Best car phone mounts under $15.,enhanced
470155,22945,B081RZR2NH,I am looking for a Carbon fiber watch band for Apple watch Ultra,enhanced
495653,24242,B07MJ92C75,Show me stylish cell phone bags for men with good reviews (100+).,enhanced
495656,24242,B01N9HZR2I,Show me stylish cell phone bags for men with good reviews (100+).,enhanced
495658,24242,B017ILGHRI,Show me stylish cell phone bags for men with good reviews (100+).,enhanced
495907,24258,B01HPI5AM2,I need a cell phone holder that's highly rated and costs less than $10.,enhanced
495909,24258,B07BK5P5ST,I need a cell phone holder that's highly rated and costs less than $10.,enhanced
495913,24258,B00WHYWC08,I need a cell phone holder that's highly rated and costs less than $10.,enhanced
544734,26845,B07T6SX1JT,"Find me a click to car dashboard cell phone holder with over 20,000 reviews (4+ star)",enhanced
544738,26845,B07QMQFXRK,"Find me a click to car dashboard cell phone holder with over 20,000 reviews (4+ star)",enhanced
544741,26845,B07FY84Y8Y,"Find me a click to car dashboard cell phone holder with over 20,000 reviews (4+ star)",enhanced
544742,26845,B076B27WP6,"Find me a click to car dashboard cell phone holder with over 20,000 reviews (4+ star)",enhanced
544743,26845,B073R68TSH,"Find me a click to car dashboard cell phone holder with over 20,000 reviews (4+ star)",enhanced
544745,26845,B07R1QZ8V1,"Find me a click to car dashboard cell phone holder with over 20,000 reviews (4+ star)",enhanced
624187,30935,B0839YXJ7G,I want to find best custom PopSockets.,enhanced
624188,30935,B082PJW2YQ,I want to find best custom PopSockets.,enhanced
636877,31575,B082X32VVY,I'm looking for a dark green iPhone XR case under $13 with top customer ratings.,enhanced
636879,31575,B07YC47PBR,I'm looking for a dark green iPhone XR case under $13 with top customer ratings.,enhanced
636882,31575,B07LGCGSQ5,I'm looking for a dark green iPhone XR case under $13 with top customer ratings.,enhanced
714946,35578,B07YRKDF4P,Find super cheap Driver pockets car phone holders with good ratings,enhanced
714957,35578,B07TZSC1P3,Find super cheap Driver pockets car phone holders with good ratings,enhanced
714969,35578,B06X9BG9ZS,Find super cheap Driver pockets car phone holders with good ratings,enhanced
714978,35578,B073R68TSH,Find super cheap Driver pockets car phone holders with good ratings,enhanced
715191,35592,B019ERLLJI,I need a decently rated Droid Turbo 2 case holster that has been reviewed by many customers.,enhanced
715195,35592,B017JJ9J9W,I need a decently rated Droid Turbo 2 case holster that has been reviewed by many customers.,enhanced
719500,35802,B0823Z1JFX,I want a dual iPhone charger. It should be top rated and not cost more than $15.,enhanced
719509,35802,B0773J4N3P,I want a dual iPhone charger. It should be top rated and not cost more than $15.,enhanced
719510,35802,B076NQM7GM,I want a dual iPhone charger. It should be top rated and not cost more than $15.,enhanced
719513,35802,B01JLXTQ1U,I want a dual iPhone charger. It should be top rated and not cost more than $15.,enhanced
759648,37827,B086Y8TL6M,Show me dual-screen phone cases. The case should be have strong customer feedback.,enhanced
759654,37827,B07K7MSV25,Show me dual-screen phone cases. The case should be have strong customer feedback.,enhanced
759658,37827,B07FF3NYKP,Show me dual-screen phone cases. The case should be have strong customer feedback.,enhanced
809521,40391,B07KWS7B3M,Show me dual-screen phone cases. The case should be have strong customer feedback.,enhanced
24437,862,B07YQ8YQCW,OnePlus 7 Pro for under $350 and over 4 star rating,enhanced
24439,862,B07V3TL48P,OnePlus 7 Pro for under $350 and over 4 star rating,enhanced
24440,862,B085PPG5WN,OnePlus 7 Pro for under $350 and over 4 star rating,enhanced
47564,1710,B07W7F4P7X,Show me OtterBox 11 Pro Max cases without screen protectors for less than $45 and with over 2000 reviews.,enhanced
47566,1710,B07W69KNSZ,Show me OtterBox 11 Pro Max cases without screen protectors for less than $45 and with over 2000 reviews.,enhanced
47570,1710,B07W3Q2WD8,Show me OtterBox 11 Pro Max cases without screen protectors for less than $45 and with over 2000 reviews.,enhanced
47571,1710,B07W3Q2HLX,Show me OtterBox 11 Pro Max cases without screen protectors for less than $45 and with over 2000 reviews.,enhanced
47572,1710,B07V1PCSZC,Show me OtterBox 11 Pro Max cases without screen protectors for less than $45 and with over 2000 reviews.,enhanced
94623,3784,B07YDC5P7Z,Show me Xiaomi Mi Max 3 360 protection cases under $15.,enhanced
94631,3784,B07G7D7JRM,Show me Xiaomi Mi Max 3 360 protection cases under $15.,enhanced
94632,3784,B07G5R4JN8,Show me Xiaomi Mi Max 3 360 protection cases under $15.,enhanced
94636,3784,B07G5HHQG5,Show me Xiaomi Mi Max 3 360 protection cases under $15.,enhanced
141340,5960,B07RX8MS8D,I am looking for a OtterBox Galaxy A20 case with 4+ stars from over 1000 reviews,enhanced
141341,5960,B07RX8LHHS,I am looking for a OtterBox Galaxy A20 case with 4+ stars from over 1000 reviews,enhanced
142177,5993,B087ST4DTV,Zagg screen protector Galaxy A51,enhanced
158970,6870,B06ZZ2ZQH7,Show me adorable cat phone cases that is priced under $10 and has at least 100 reviews,enhanced
158973,6870,B0751529Z5,Show me adorable cat phone cases that is priced under $10 and has at least 100 reviews,enhanced
158974,6870,B073PV2ZMF,Show me adorable cat phone cases that is priced under $10 and has at least 100 reviews,enhanced
158975,6870,B06XGDP99C,Show me adorable cat phone cases that is priced under $10 and has at least 100 reviews,enhanced
213804,9738,B00USNSVSC,I'm searching for a protective sleeve for the iPhone XS Max priced with a rating of 4.2 stars or higher.,enhanced
226538,10374,B07FL9ZMYX,ArmorSuit Z3 Play screen protector costing less than $10 and having at least 10 reviews,enhanced
236495,10877,B07XPH822S,Find me Asus ROG Phone 2 with over 100 reviews,enhanced
236503,10877,B07J9YWSZ4,Find me Asus ROG Phone 2 with over 100 reviews,enhanced
236509,10877,B072R6MJKQ,Find me Asus ROG Phone 2 with over 100 reviews,enhanced
365921,17559,B07MR1PHPZ,Are there any Bluetooth button for Android under $15,enhanced
365926,17559,B01N9SA3QH,Are there any Bluetooth button for Android under $15,enhanced
862496,43174,B08YKHF8LJ,"Show me funny phone accessories with the quote ""You can't tell me what to do, you're not my granddaughter."" Show me phone accessories with that quote under $25",enhanced
876885,43925,B083GDNCY8,Show me Galaxy A70 cases with greater than 4.5 star ratings.,enhanced
876888,43925,B0829MGDW5,Show me Galaxy A70 cases with greater than 4.5 star ratings.,enhanced
876894,43925,B07RYBL4HN,Show me Galaxy A70 cases with greater than 4.5 star ratings.,enhanced
876896,43925,B07R6MWZLJ,Show me Galaxy A70 cases with greater than 4.5 star ratings.,enhanced
876897,43925,B07QKGR1DG,Show me Galaxy A70 cases with greater than 4.5 star ratings.,enhanced
876898,43925,B07TTL94CM,Show me Galaxy A70 cases with greater than 4.5 star ratings.,enhanced
877624,43965,B08291HPDQ,Galaxy Note 10 tempered glass under $15,enhanced
877627,43965,B086XGVCYW,Galaxy Note 10 tempered glass under $15,enhanced
877628,43965,B086VF4YK1,Galaxy Note 10 tempered glass under $15,enhanced
877629,43965,B0863L5XGQ,Galaxy Note 10 tempered glass under $15,enhanced
877632,43965,B07Z4PS8DJ,Galaxy Note 10 tempered glass under $15,enhanced
877635,43965,B07VSQWCYN,Galaxy Note 10 tempered glass under $15,enhanced
877637,43965,B07VGCCLR1,Galaxy Note 10 tempered glass under $15,enhanced
881122,44149,B07S3VNC2P,I'm looking for phone game pads under $40 with at least 200 reviews.,enhanced
913206,45857,B0811ZPWYK,Show me Note 10 Plus glass screen protectors under $15.,enhanced
913213,45857,B07Z4NCVTN,Show me Note 10 Plus glass screen protectors under $15.,enhanced
913214,45857,B07W4NC78D,Show me Note 10 Plus glass screen protectors under $15.,enhanced
913215,45857,B07W1ZTTYT,Show me Note 10 Plus glass screen protectors under $15.,enhanced
913216,45857,B07VTXQNMM,Show me Note 10 Plus glass screen protectors under $15.,enhanced
913217,45857,B07VTRY2ZN,Show me Note 10 Plus glass screen protectors under $15.,enhanced
913220,45857,B07TXGTWHY,Show me Note 10 Plus glass screen protectors under $15.,enhanced
1056869,53378,B07GT6XYRC,iPhone 11 slim glass screen protector under $20 4.5+ stars,enhanced
1068365,53988,B07NWBCDL1,Show me iPhone XR cases under $14 with 4.6+ star ratings.,enhanced
1068368,53988,B07PVYGFHP,Show me iPhone XR cases under $14 with 4.6+ star ratings.,enhanced
1068370,53988,B07HRJL27Z,Show me iPhone XR cases under $14 with 4.6+ star ratings.,enhanced
1069288,54034,B07WBV9J5W,Show me iPhone 11 Pro Max protective cases under $12 with a rating above 4.5 stars.,enhanced
1069350,54038,B07YFYKVMZ,I'm looking for a screen protector for the iPhone 11 Pro Max that costs under $20 and has a rating above 4.5 stars.,enhanced
1069352,54038,B07TN425V9,I'm looking for a screen protector for the iPhone 11 Pro Max that costs under $20 and has a rating above 4.5 stars.,enhanced
1069354,54038,B07QNR7YXG,I'm looking for a screen protector for the iPhone 11 Pro Max that costs under $20 and has a rating above 4.5 stars.,enhanced
1069357,54038,B07GZQBVPC,I'm looking for a screen protector for the iPhone 11 Pro Max that costs under $20 and has a rating above 4.5 stars.,enhanced
1069358,54038,B07FP41MC5,I'm looking for a screen protector for the iPhone 11 Pro Max that costs under $20 and has a rating above 4.5 stars.,enhanced
1069608,54052,B07Y1B8TVX,"Show me highly rated iPhone 11 Pro cases with over 10,000 reviews and at least 4.6 stars.",enhanced
1069613,54052,B07W6MV7HF,"Show me highly rated iPhone 11 Pro cases with over 10,000 reviews and at least 4.6 stars.",enhanced
1069615,54052,B07W4HQ1L2,"Show me highly rated iPhone 11 Pro cases with over 10,000 reviews and at least 4.6 stars.",enhanced
1069625,54052,B07W45LWM3,"Show me highly rated iPhone 11 Pro cases with over 10,000 reviews and at least 4.6 stars.",enhanced
1069662,54055,B07WL6QHCQ,"Show me popular OtterBox iPhone 11 Pro cases with over 5,000 reviews and at least 4.6 stars.",enhanced
1069664,54055,B07W7F4T7N,"Show me popular OtterBox iPhone 11 Pro cases with over 5,000 reviews and at least 4.6 stars.",enhanced
1069669,54055,B07V4TLD6H,"Show me popular OtterBox iPhone 11 Pro cases with over 5,000 reviews and at least 4.6 stars.",enhanced
1069674,54055,B07W45LWM3,"Show me popular OtterBox iPhone 11 Pro cases with over 5,000 reviews and at least 4.6 stars.",enhanced
1069692,54057,B089Y5N7KN,Show me iPhone 11 Pro ring holder cases priced between $10 and $15.,enhanced
1069693,54057,B088618HCK,Show me iPhone 11 Pro ring holder cases priced between $10 and $15.,enhanced
1069696,54057,B081V33H6J,Show me iPhone 11 Pro ring holder cases priced between $10 and $15.,enhanced
1069699,54057,B07YD3XT1Y,Show me iPhone 11 Pro ring holder cases priced between $10 and $15.,enhanced
1069705,54057,B07WFLRKZT,Show me iPhone 11 Pro ring holder cases priced between $10 and $15.,enhanced
1070681,54111,B07XFP3YL3,"Show me iPhone 11 silicone cases rated between 4.5 and 4.6 stars with at least 3,000 reviews.",enhanced
1070691,54111,B07WVCJRMV,"Show me iPhone 11 silicone cases rated between 4.5 and 4.6 stars with at least 3,000 reviews.",enhanced
1070692,54111,B07WS9W3FD,"Show me iPhone 11 silicone cases rated between 4.5 and 4.6 stars with at least 3,000 reviews.",enhanced
1070693,54111,B07WR13YM7,"Show me iPhone 11 silicone cases rated between 4.5 and 4.6 stars with at least 3,000 reviews.",enhanced
1071607,54160,B00M3QA9AU,"Show me the most popular iPhone 6 Plus protective cases with over 10,000 reviews.",enhanced
1071608,54160,B07MYTKTMY,"Show me the most popular iPhone 6 Plus protective cases with over 10,000 reviews.",enhanced
1071609,54160,B01BZPG0X4,"Show me the most popular iPhone 6 Plus protective cases with over 10,000 reviews.",enhanced
1071612,54160,B01M0EXJFZ,"Show me the most popular iPhone 6 Plus protective cases with over 10,000 reviews.",enhanced
1073536,54268,B00Z7SUZFU,OtterBox silicone iPhone 7 Plus case under $35 and 4.7+ stars,enhanced
1073813,54286,B0882YT9DH,"Show me iPhone 7 waterproof cases rated 4.3 stars or higher with between 1,000 and 4,000 reviews.",enhanced
1073816,54286,B07X1XNG2V,"Show me iPhone 7 waterproof cases rated 4.3 stars or higher with between 1,000 and 4,000 reviews.",enhanced
1073821,54286,B07M9J721C,"Show me iPhone 7 waterproof cases rated 4.3 stars or higher with between 1,000 and 4,000 reviews.",enhanced
1073851,54288,B01LXZDPDR,"Show me iPhone 7 Plus screen protectors with over 50,000 reviews and at least 4.6 stars, priced between $6 and $8.",enhanced
1073852,54288,B01KNVY2FO,"Show me iPhone 7 Plus screen protectors with over 50,000 reviews and at least 4.6 stars, priced between $6 and $8.",enhanced
1073855,54288,B01415QHYW,"Show me iPhone 7 Plus screen protectors with over 50,000 reviews and at least 4.6 stars, priced between $6 and $8.",enhanced
1074014,54295,B07SGZ7QCT,I am searching for an iPhone 8 back glass replacements priced between $12 and $25 with ratings between 4.0 and 4.2 stars.,enhanced
1074021,54295,B07H3DZ6RZ,I am searching for an iPhone 8 back glass replacements priced between $12 and $25 with ratings between 4.0 and 4.2 stars.,enhanced
1074022,54295,B079H5MLRP,I am searching for an iPhone 8 back glass replacements priced between $12 and $25 with ratings between 4.0 and 4.2 stars.,enhanced
1074353,54314,B083M72PZ6,Can you recommend stylish iPhone 8 cases for women rated 4.7 stars or higher and priced between $10 and $20?,enhanced
1074355,54314,B07FVRL33S,Can you recommend stylish iPhone 8 cases for women rated 4.7 stars or higher and priced between $10 and $20?,enhanced
1074356,54314,B00Z7RTF98,Can you recommend stylish iPhone 8 cases for women rated 4.7 stars or higher and priced between $10 and $20?,enhanced
1074953,54347,B07MBQDT57,"What are the best iPhone 8 Plus screen protectors under $8 with over 20,000 reviews and at least a 4.6-star rating?",enhanced
1074957,54347,B01KNVY2FO,"What are the best iPhone 8 Plus screen protectors under $8 with over 20,000 reviews and at least a 4.6-star rating?",enhanced
1074958,54347,B01MAU9IJS,"What are the best iPhone 8 Plus screen protectors under $8 with over 20,000 reviews and at least a 4.6-star rating?",enhanced
1074959,54347,B00N0Z89UU,"What are the best iPhone 8 Plus screen protectors under $8 with over 20,000 reviews and at least a 4.6-star rating?",enhanced
1074963,54347,B01LXZDPDR,"What are the best iPhone 8 Plus screen protectors under $8 with over 20,000 reviews and at least a 4.6-star rating?",enhanced
1077810,54489,B07WV51Q3S,"Which are the best iPhone 11 Pro Max crystal cases between $12 and $20 with ratings above 4.6 and at least 2,000 reviews?",enhanced
1077812,54489,B07W6MV7HF,"Which are the best iPhone 11 Pro Max crystal cases between $12 and $20 with ratings above 4.6 and at least 2,000 reviews?",enhanced
1077816,54489,B07T3Q7NPP,"Which are the best iPhone 11 Pro Max crystal cases between $12 and $20 with ratings above 4.6 and at least 2,000 reviews?",enhanced
1077817,54489,B07T2MFSQC,"Which are the best iPhone 11 Pro Max crystal cases between $12 and $20 with ratings above 4.6 and at least 2,000 reviews?",enhanced
1078986,54553,B07KG727WH,"Find iPhone XS Max wallet cases for women under $25 that have between 500 and 10,000 reviews.",enhanced
1078989,54553,B07HBPVDGY,"Find iPhone XS Max wallet cases for women under $25 that have between 500 and 10,000 reviews.",enhanced
1078991,54553,B07H9WQNSJ,"Find iPhone XS Max wallet cases for women under $25 that have between 500 and 10,000 reviews.",enhanced
1078994,54553,B07H3PHH9J,"Find iPhone XS Max wallet cases for women under $25 that have between 500 and 10,000 reviews.",enhanced
1078996,54553,B07GJMDMH3,"Find iPhone XS Max wallet cases for women under $25 that have between 500 and 10,000 reviews.",enhanced
1079001,54553,B07H7ZKFD1,"Find iPhone XS Max wallet cases for women under $25 that have between 500 and 10,000 reviews.",enhanced
1079817,54596,B07Y2P11XP,"Recommend OtterBox Symmetry iPhone XR cases with ratings of at least 4.6 but fewer than 10,000 reviews.",enhanced
1079818,54596,B085XFMTP4,"Recommend OtterBox Symmetry iPhone XR cases with ratings of at least 4.6 but fewer than 10,000 reviews.",enhanced
1079819,54596,B083D5NWRC,"Recommend OtterBox Symmetry iPhone XR cases with ratings of at least 4.6 but fewer than 10,000 reviews.",enhanced
1079824,54596,B07XQSV8XR,"Recommend OtterBox Symmetry iPhone XR cases with ratings of at least 4.6 but fewer than 10,000 reviews.",enhanced
1079827,54596,B07GBRG2FN,"Recommend OtterBox Symmetry iPhone XR cases with ratings of at least 4.6 but fewer than 10,000 reviews.",enhanced
1079829,54596,B07GBH6HRR,"Recommend OtterBox Symmetry iPhone XR cases with ratings of at least 4.6 but fewer than 10,000 reviews.",enhanced
1079830,54596,B07GBBZ3XP,"Recommend OtterBox Symmetry iPhone XR cases with ratings of at least 4.6 but fewer than 10,000 reviews.",enhanced
1080120,54615,B07ZK5DV2X,Recommend iPhone XR phone clips priced above $8 with ratings of 4.4 stars or higher.,enhanced
1080123,54615,B07NTGCNVY,Recommend iPhone XR phone clips priced above $8 with ratings of 4.4 stars or higher.,enhanced
1080131,54615,B07H4WSPZB,Recommend iPhone XR phone clips priced above $8 with ratings of 4.4 stars or higher.,enhanced
1093104,55252,B07G4WCV2S,OtterBox Galaxy J7 Crown phone case,enhanced
1226479,62172,B082M66CZC,"Find Android Revvlry Plus cases under $20 that have between 1000 and 3,000 reviews.",enhanced
1226480,62172,B07YY1WCCR,"Find Android Revvlry Plus cases under $20 that have between 1000 and 3,000 reviews.",enhanced
1226484,62172,B07QVPBH2R,"Find Android Revvlry Plus cases under $20 that have between 1000 and 3,000 reviews.",enhanced
1226487,62172,B07P8VJBNW,"Find Android Revvlry Plus cases under $20 that have between 1000 and 3,000 reviews.",enhanced
1226491,62172,B07KX988L1,"Find Android Revvlry Plus cases under $20 that have between 1000 and 3,000 reviews.",enhanced
1394421,70851,B07VN2RPFW,I want a wolf-themed Moto E5 Cruise cases rated 4.3 stars and above.,enhanced
1394431,70851,B07FB61PLN,I want a wolf-themed Moto E5 Cruise cases rated 4.3 stars and above.,enhanced
1464328,74469,B07SRWC25K,Search for a Spigen Note 10 Plus cases with a kickstand rated 4.6 stars or higher.,enhanced
1502536,76425,B00Z7SUZFU,"I am looking for an OtterBox iPhone 8 Plus cases priced below $25 with over 10,000 reviews.",enhanced
1502539,76425,B0793KZY11,"I am looking for an OtterBox iPhone 8 Plus cases priced below $25 with over 10,000 reviews.",enhanced
1502847,76445,B07XBKWWFV,"I want OtterBox cases for the iPhone 11 priced between $15 and $25, rated at least 4.6 stars.",enhanced
1502850,76445,B07W7F3PND,"I want OtterBox cases for the iPhone 11 priced between $15 and $25, rated at least 4.6 stars.",enhanced
1502855,76445,B07W3Q2YFD,"I want OtterBox cases for the iPhone 11 priced between $15 and $25, rated at least 4.6 stars.",enhanced
1502860,76445,B07RWRVSF6,"I want OtterBox cases for the iPhone 11 priced between $15 and $25, rated at least 4.6 stars.",enhanced
1503025,76455,B07XL5J27N,I need iPhone 7 Plus Commuter Series OtterBox cases under $30 that have at least 500 reviews.,enhanced
1503029,76455,B00Z7SUZFU,I need iPhone 7 Plus Commuter Series OtterBox cases under $30 that have at least 500 reviews.,enhanced
1503034,76455,B00Z7S48W6,I need iPhone 7 Plus Commuter Series OtterBox cases under $30 that have at least 500 reviews.,enhanced
1562134,79512,B07VFY7SJW,iPhone X Bison case,enhanced
1562398,79529,B07WR4J1GN,Looking for well-reviewed iPhone 11 Pro Max cases ($15-25) rated 4.6 stars or higher.,enhanced
1562403,79529,B07WV51Q3S,Looking for well-reviewed iPhone 11 Pro Max cases ($15-25) rated 4.6 stars or higher.,enhanced
1562404,79529,B07W6MV7HF,Looking for well-reviewed iPhone 11 Pro Max cases ($15-25) rated 4.6 stars or higher.,enhanced
1562407,79529,B07VHJ4K1S,Looking for well-reviewed iPhone 11 Pro Max cases ($15-25) rated 4.6 stars or higher.,enhanced
1562408,79529,B07V1PCSZC,Looking for well-reviewed iPhone 11 Pro Max cases ($15-25) rated 4.6 stars or higher.,enhanced
1562409,79529,B07T1N3FD2,Looking for well-reviewed iPhone 11 Pro Max cases ($15-25) rated 4.6 stars or higher.,enhanced
1562410,79529,B07RVDNRP4,Looking for well-reviewed iPhone 11 Pro Max cases ($15-25) rated 4.6 stars or higher.,enhanced
1562411,79529,B07W83VRMX,Looking for well-reviewed iPhone 11 Pro Max cases ($15-25) rated 4.6 stars or higher.,enhanced
1562519,79536,B010MVIPA8,"Do a search for iPhone 6s cases rated at least 4.6 stars and with more than 15,000 reviews.",enhanced
1562520,79536,B00Z7SHCC4,"Do a search for iPhone 6s cases rated at least 4.6 stars and with more than 15,000 reviews.",enhanced
1562521,79536,B00N1X5IBO,"Do a search for iPhone 6s cases rated at least 4.6 stars and with more than 15,000 reviews.",enhanced
1562522,79536,B00M3Q4IFC,"Do a search for iPhone 6s cases rated at least 4.6 stars and with more than 15,000 reviews.",enhanced
1583629,80628,B0824BR684,Find me a Pixel 4 XL for less than $200,enhanced
1617899,82419,B07CSLJFVK,Looking for a portable charger for Gear S3 Frontier with a rating of at least 4.5 stars and under $35.,enhanced
1617900,82419,B06Y3V63KL,Looking for a portable charger for Gear S3 Frontier with a rating of at least 4.5 stars and under $35.,enhanced
1659939,84595,B07X5CJ9K4,Show me purple PopSockets under $15 and with at least 150 reviews.,enhanced
1659947,84595,B07G2DFSC9,Show me purple PopSockets under $15 and with at least 150 reviews.,enhanced
1659950,84595,B07DVQC5P8,Show me purple PopSockets under $15 and with at least 150 reviews.,enhanced
1698275,86586,B07TSCXP6N,Redmi Note 7S mobile phone case,enhanced
1721539,87780,B07VFFMC3K,Ringke Note 10 Plus cases under $25 rated 4.3 stars or higher,enhanced
1721545,87780,B07VB77FD5,Ringke Note 10 Plus cases under $25 rated 4.3 stars or higher,enhanced
1721549,87780,B07VDCKJF4,Ringke Note 10 Plus cases under $25 rated 4.3 stars or higher,enhanced
1765768,90084,B07Z41SMBJ,Samsung Galaxy Note 10 Plus with over 5000 reviews,enhanced
1768259,90233,B07TVC1F22,I'm searching for Samsung Note 9 glitter cases under $20 that is rated 4 stars or higher.,enhanced
1768266,90233,B07HR9H2LB,I'm searching for Samsung Note 9 glitter cases under $20 that is rated 4 stars or higher.,enhanced
1768436,90244,B082QTQHQZ,Looking for Samsung Profit 2 replacement bands rated 4.5 stars and above,enhanced
1768442,90244,B07PHJZH1S,Looking for Samsung Profit 2 replacement bands rated 4.5 stars and above,enhanced
1768447,90244,B07CRVFTV6,Looking for Samsung Profit 2 replacement bands rated 4.5 stars and above,enhanced
1768450,90244,B07B8CJJT2,Looking for Samsung Profit 2 replacement bands rated 4.5 stars and above,enhanced
1769374,90298,B07SJMNMFL,"Looking for Samsung Note 9 screen protectors with over 1,000 reviews and at least 4-star ratings.",enhanced
1769376,90298,B0899VS95S,"Looking for Samsung Note 9 screen protectors with over 1,000 reviews and at least 4-star ratings.",enhanced
1773057,90501,B06XCSN5RJ,Show me the highest-rated Samsung S8+ protective cases (4.6+ stars).,enhanced
1773058,90501,B076ZG61R6,Show me the highest-rated Samsung S8+ protective cases (4.6+ stars).,enhanced
1785162,91151,B07PSMVV7W,Find LG Q7+ screen protectors with ratings of 4.5 stars or higher and at least 200 customer reviews.,enhanced
1785166,91151,B07GDHF7RN,Find LG Q7+ screen protectors with ratings of 4.5 stars or higher and at least 200 customer reviews.,enhanced
1785168,91151,B07GBH8HWK,Find LG Q7+ screen protectors with ratings of 4.5 stars or higher and at least 200 customer reviews.,enhanced
1785384,91164,B071GPZN2D,Looking for iPhone XS Max screen protectors priced between $10 and $13.,enhanced
1785386,91164,B07DW5J648,Looking for iPhone XS Max screen protectors priced between $10 and $13.,enhanced
1785387,91164,B07FQY28GR,Looking for iPhone XS Max screen protectors priced between $10 and $13.,enhanced
1889287,96595,B01LWNQ5AA,Speck Moto Z2 Play case under $25,enhanced
1889288,96595,B01IV0L5KE,Speck Moto Z2 Play case under $25,enhanced
1889289,96595,B01IV0L342,Speck Moto Z2 Play case under $25,enhanced
2094914,107352,B0773JFWDC,"USB power adapters priced between $10 and $15 that have 2,000+ reviews.",enhanced
2094916,107352,B07P41X3L3,"USB power adapters priced between $10 and $15 that have 2,000+ reviews.",enhanced
2094920,107352,B07DCR29GN,"USB power adapters priced between $10 and $15 that have 2,000+ reviews.",enhanced
2094922,107352,B0119BUJDQ,"USB power adapters priced between $10 and $15 that have 2,000+ reviews.",enhanced
2120809,108635,B07JVLRFHJ,Looking for Viking or Celtic patterned Apple Watch bands that do not cost more than $15.,enhanced
2120813,108635,B07NTW9ZBS,Looking for Viking or Celtic patterned Apple Watch bands that do not cost more than $15.,enhanced
2120819,108635,B07JG7756F,Looking for Viking or Celtic patterned Apple Watch bands that do not cost more than $15.,enhanced
2140110,109627,B081PPP84P,Wallets for women (4 stars or higher),enhanced
2187166,112163,B07KQ38L2B,Looking for wireless earbuds with a microphone for iPhone,enhanced
